corp_code,기업명,사업연도,대사,신뢰도,사용보고서,본문무형자산,주석기말,합산표시,손상액,상각액
00252393,(주)예당컴퍼니,2015,실패,,,,,,,
00252393,(주)예당컴퍼니,2016,실패,,,,,,,
00255071,(주)현대에이치씨엔동작방송,2015,실패,,,,,,,
00838421,씨제이이앤엠(주),2015,성공,확정,정정,653159648557.0,653159649000.0,False,97352651000.0,306069098000.0
00838421,씨제이이앤엠(주),2016,성공,확정,원본,723525340026.0,723525340000.0,False,1674441000.0,383812795000.0
00838421,씨제이이앤엠(주),2017,성공,확정,원본,783393360340.0,783393360000.0,False,3208587000.0,339565893000.0
00232496,(주)씨그널엔터테인먼트그룹,2015,성공,확정,원본,960478008.0,960478000.0,False,0.0,275378000.0
00232496,(주)씨그널엔터테인먼트그룹,2016,성공,확정,원본,2174192153.0,2174193000.0,False,1882789000.0,444579000.0
00232496,(주)씨그널엔터테인먼트그룹,2017,성공,확정,원본,125519466.0,125519000.0,False,1329216000.0,79265000.0
00232496,(주)씨그널엔터테인먼트그룹,2018,실패,,,,,,,
00122339,(주)이매진아시아,2015,성공,확정,정정,7845115943.0,7845114000.0,True,,2177550000.0
00122339,(주)이매진아시아,2016,성공,확정,원본,161901947.0,161902000.0,True,,6636082000.0
00122339,(주)이매진아시아,2017,성공,확정,원본,16325718109.0,16325718000.0,True,,6820771000.0
00122339,(주)이매진아시아,2018,성공,확정,원본,356756953.0,356757000.0,True,,323649000.0
00122339,(주)이매진아시아,2019,성공,확정,정정,73588502.0,73589000.0,True,,171318000.0
00122339,(주)이매진아시아,2020,성공,확정,원본,7008335.0,7008000.0,True,,55431000.0
00650629,SBS미디어홀딩스(주),2015,성공,보통,원본,13042322412.0,13042322000.0,False,0.0,
00650629,SBS미디어홀딩스(주),2016,성공,보통,원본,12267580214.0,12267580000.0,False,0.0,
00650629,SBS미디어홀딩스(주),2017,성공,보통,원본,11972267261.0,11972267000.0,False,0.0,
00650629,SBS미디어홀딩스(주),2018,성공,보통,원본,13165819169.0,13165819000.0,False,0.0,
00650629,SBS미디어홀딩스(주),2019,성공,보통,원본,30337523413.0,30337523000.0,False,0.0,
00650629,SBS미디어홀딩스(주),2020,실패,,,,,,,
00207755,(주)지에스홈쇼핑,2015,성공,확정,원본,58855625015.0,58855625000.0,False,0.0,12190617000.0
00207755,(주)지에스홈쇼핑,2016,성공,확정,원본,46932163704.0,46932164000.0,False,1210439000.0,12047864000.0
00207755,(주)지에스홈쇼핑,2017,성공,확정,원본,38740461938.0,38740462000.0,False,0.0,10312967000.0
00207755,(주)지에스홈쇼핑,2018,성공,확정,정정,31521561548.0,31521561000.0,False,1136570000.0,8279199000.0
00207755,(주)지에스홈쇼핑,2019,성공,확정,원본,28840161778.0,28840162000.0,False,0.0,3755364000.0
00207755,(주)지에스홈쇼핑,2020,성공,확정,원본,27334218369.0,27334218000.0,False,0.0,2513456000.0
01303029,주식회사 알비더블유,2021,성공,확정,정정,23417579406.0,23417579000.0,False,0.0,1792144000.0
01303029,주식회사 알비더블유,2022,성공,확정,원본,32373023548.0,32373023000.0,False,0.0,3109270000.0
01303029,주식회사 알비더블유,2023,성공,확정,원본,42989671043.0,42989671000.0,False,530780000.0,3373277000.0
01303029,주식회사 알비더블유,2024,성공,확정,원본,32382472891.0,32382473000.0,False,5829728000.0,2846945000.0
01303029,주식회사 알비더블유,2025,성공,확정,원본,39044620671.0,39044621000.0,False,3388003000.0,3115036000.0
00347877,(주)세영디앤씨,2015,성공,확정,원본,5681603532.0,5681603000.0,False,921182000.0,3399273000.0
00347877,(주)세영디앤씨,2016,성공,확정,정정,8181036106.0,8181036000.0,False,361154000.0,3327280000.0
00347877,(주)세영디앤씨,2017,성공,보통,정정,5344194790.0,5344195000.0,False,1130218000.0,363396000.0
00347877,(주)세영디앤씨,2018,성공,확정,정정,12113726099.0,12113726000.0,False,3256878000.0,647593000.0
00347877,(주)세영디앤씨,2019,성공,확정,원본,724159933.0,724160000.0,False,0.0,356186000.0
00347877,(주)세영디앤씨,2020,성공,확정,정정,384424744.0,384424000.0,False,0.0,339736000.0
00347877,(주)세영디앤씨,2021,실패,,,,,,,
00347877,(주)세영디앤씨,2022,성공,보통,원본,2606580.0,2607000.0,False,0.0,290000.0
00347877,(주)세영디앤씨,2023,성공,확정,원본,2027340.0,2027000.0,False,0.0,579000.0
00347877,(주)세영디앤씨,2024,성공,확정,원본,1448100.0,1448000.0,False,0.0,579000.0
00347877,(주)세영디앤씨,2025,성공,확정,정정,868860.0,869000.0,False,0.0,579000.0
00975290,(주)에이스토리,2019,실패,,,,,,,
00975290,(주)에이스토리,2020,성공,보통,원본,2732750.0,2732750.0,False,0.0,538250.0
00975290,(주)에이스토리,2021,성공,확정,원본,43302365.0,43302365.0,False,0.0,3707650.0
00975290,(주)에이스토리,2022,성공,확정,원본,26113643.0,26113643.0,False,14678655.0,5343585.0
00975290,(주)에이스토리,2023,성공,확정,원본,20579039.0,20579039.0,False,0.0,5534604.0
00975290,(주)에이스토리,2024,성공,확정,원본,269731666.0,269731666.0,False,14678655.0,11777874.0
00975290,(주)에이스토리,2025,성공,확정,원본,477735055.0,477735055.0,False,30669136.0,12944556.0
00974927,(주)넥스트엔터테인먼트월드,2015,성공,확정,원본,1406358874.0,1406359000.0,False,0.0,248885000.0
00974927,(주)넥스트엔터테인먼트월드,2016,성공,확정,원본,1558479997.0,1558480000.0,False,24424000.0,93586000.0
00974927,(주)넥스트엔터테인먼트월드,2017,성공,확정,원본,5902438607.0,5902439000.0,False,0.0,83922000.0
00974927,(주)넥스트엔터테인먼트월드,2018,성공,확정,원본,11421058923.0,11421059000.0,False,0.0,982504000.0
00974927,(주)넥스트엔터테인먼트월드,2019,성공,확정,원본,15707934592.0,15707935000.0,False,0.0,1851020000.0
00974927,(주)넥스트엔터테인먼트월드,2020,성공,확정,원본,12324167736.0,12324168000.0,False,2886055000.0,2023686000.0
00974927,(주)넥스트엔터테인먼트월드,2021,성공,확정,원본,7335380054.0,7335380000.0,False,3929057000.0,1962616000.0
00974927,(주)넥스트엔터테인먼트월드,2022,성공,확정,원본,7249077510.0,7249078000.0,False,1831597000.0,1226097000.0
00974927,(주)넥스트엔터테인먼트월드,2023,성공,확정,원본,5095401756.0,5095404000.0,False,1780777000.0,659710000.0
00974927,(주)넥스트엔터테인먼트월드,2024,성공,확정,원본,4612135480.0,4612138000.0,False,359327000.0,431045000.0
00974927,(주)넥스트엔터테인먼트월드,2025,성공,확정,원본,3876249393.0,3876251000.0,False,240032000.0,364137000.0
00258689,(주)제이와이피엔터테인먼트,2015,성공,확정,정정,33091434732.0,33091436000.0,False,0.0,2150480000.0
00258689,(주)제이와이피엔터테인먼트,2016,성공,확정,원본,30978512618.0,30978513000.0,False,0.0,2139364000.0
00258689,(주)제이와이피엔터테인먼트,2017,성공,확정,원본,29134692496.0,29134692000.0,False,12500000.0,2559055000.0
00258689,(주)제이와이피엔터테인먼트,2018,성공,확정,원본,29108181182.0,29108181000.0,False,0.0,276996000.0
00258689,(주)제이와이피엔터테인먼트,2019,성공,확정,정정,29043036790.0,29043037000.0,False,0.0,280877000.0
00258689,(주)제이와이피엔터테인먼트,2020,성공,확정,원본,30828082474.0,30828083000.0,False,0.0,417899000.0
00258689,(주)제이와이피엔터테인먼트,2021,성공,확정,원본,29545607468.0,29545607000.0,True,,2250171000.0
00258689,(주)제이와이피엔터테인먼트,2022,성공,확정,원본,41506863178.0,41506863000.0,True,,1720534000.0
00258689,(주)제이와이피엔터테인먼트,2023,성공,확정,원본,40648348163.0,40648348000.0,True,,10041125000.0
00258689,(주)제이와이피엔터테인먼트,2024,성공,확정,원본,60223870978.0,60223871000.0,False,0.0,5701915000.0
00258689,(주)제이와이피엔터테인먼트,2025,성공,확정,원본,66897868484.0,66897868000.0,False,0.0,10111109000.0
00925295,(주)에프엔씨엔터테인먼트,2015,실패,,,,,,,
00925295,(주)에프엔씨엔터테인먼트,2016,성공,확정,원본,20231811325.0,20231811325.0,False,624663333.0,3398553156.0
00925295,(주)에프엔씨엔터테인먼트,2017,성공,확정,원본,10557424021.0,10557424021.0,False,5863790481.0,4843586553.0
00925295,(주)에프엔씨엔터테인먼트,2018,성공,확정,정정,8616563645.0,8616563645.0,False,3333085605.0,3609250116.0
00925295,(주)에프엔씨엔터테인먼트,2019,성공,확정,원본,6282558311.0,6282558311.0,False,1653400539.0,2091048321.0
00925295,(주)에프엔씨엔터테인먼트,2020,성공,확정,원본,5657176133.0,5657176133.0,False,522366601.0,2023226555.0
00925295,(주)에프엔씨엔터테인먼트,2021,성공,확정,원본,28588014961.0,28588014961.0,False,1348839917.0,3756427649.0
00925295,(주)에프엔씨엔터테인먼트,2022,성공,확정,원본,5795171578.0,5795171578.0,False,0.0,1688953339.0
00925295,(주)에프엔씨엔터테인먼트,2023,성공,확정,원본,4918311359.0,4918311359.0,False,0.0,828098681.0
00925295,(주)에프엔씨엔터테인먼트,2024,성공,확정,원본,3716097369.0,3716097369.0,False,0.0,1001192340.0
00925295,(주)에프엔씨엔터테인먼트,2025,실패,,,,,,,
01047840,미스터블루(주),2015,실패,,,,,,,
01047840,미스터블루(주),2016,실패,,,,,,,
01047840,미스터블루(주),2017,실패,,,,,,,
01047840,미스터블루(주),2018,실패,,,,,,,
01047840,미스터블루(주),2019,실패,,,,,,,
01047840,미스터블루(주),2020,실패,,,,,,,
01047840,미스터블루(주),2021,실패,,,,,,,
01047840,미스터블루(주),2022,실패,,,,,,,
01047840,미스터블루(주),2023,실패,,,,,,,
01047840,미스터블루(주),2024,성공,보통,원본,6217456383.0,6217456000.0,False,0.0,
01047840,미스터블루(주),2025,실패,,,,,,,
01139965,주식회사 스튜디오미르,2022,성공,보통,원본,241580000.0,241580000.0,False,0.0,
01139965,주식회사 스튜디오미르,2023,성공,보통,원본,416265000.0,416265000.0,False,0.0,
01139965,주식회사 스튜디오미르,2024,성공,보통,원본,409005000.0,409005000.0,False,0.0,
01139965,주식회사 스튜디오미르,2025,성공,보통,원본,401745000.0,400000000.0,False,0.0,
01343735,주식회사 데이드림엔터테인먼트,2019,실패,,,,,,,
01343735,주식회사 데이드림엔터테인먼트,2020,실패,,,,,,,
01343735,주식회사 데이드림엔터테인먼트,2021,실패,,,,,,,
01343735,주식회사 데이드림엔터테인먼트,2022,실패,,,,,,,
00359474,(주)제이웨이,2015,성공,확정,정정,1728056880.0,1728057000.0,False,253003000.0,1687650000.0
00359474,(주)제이웨이,2016,성공,확정,정정,1213441164.0,1213442000.0,False,400000000.0,1559732000.0
00359474,(주)제이웨이,2017,실패,,,,,,,
00359474,(주)제이웨이,2018,성공,보통,원본,5186305958.0,5186306000.0,False,612442000.0,1514441000.0
00359474,(주)제이웨이,2019,성공,확정,원본,3363352007.0,3363352000.0,False,0.0,1401415000.0
00359474,(주)제이웨이,2020,성공,확정,정정,2408864708.0,2408864000.0,False,5345879000.0,975595000.0
00359474,(주)제이웨이,2021,성공,확정,정정,225389000.0,225389000.0,False,566839000.0,49463000.0
00359474,(주)제이웨이,2022,성공,확정,정정,22000.0,22000.0,False,0.0,379000.0
01335578,(주)애니플러스,2018,실패,,,,,,,
01335578,(주)애니플러스,2019,성공,보통,원본,9199184833.0,9199185000.0,False,0.0,4406579000.0
01335578,(주)애니플러스,2020,성공,확정,정정,9343689017.0,9343689000.0,False,0.0,4720425000.0
01335578,(주)애니플러스,2021,성공,확정,정정,14530795596.0,14530796000.0,False,0.0,5085637000.0
01335578,(주)애니플러스,2022,성공,확정,원본,70355491909.0,70355492000.0,False,258000000.0,7301780000.0
01335578,(주)애니플러스,2023,성공,확정,원본,126894960073.0,126894960000.0,False,0.0,12793430000.0
01335578,(주)애니플러스,2024,성공,확정,정정,138023911205.0,138023911000.0,False,1516159000.0,21072373000.0
01335578,(주)애니플러스,2025,성공,확정,원본,141773730256.0,141773730000.0,False,1125679000.0,25251863000.0
00353762,(주)키이스트,2015,성공,보통,원본,13041909554.0,13041910000.0,False,0.0,
00353762,(주)키이스트,2016,성공,보통,원본,9157549843.0,9157550000.0,False,0.0,
00353762,(주)키이스트,2017,실패,,,,,,,
00353762,(주)키이스트,2018,성공,보통,원본,4898838377.0,4898838000.0,False,0.0,
00353762,(주)키이스트,2019,성공,확정,원본,32714136875.0,32714137000.0,False,4440185000.0,25878088000.0
00353762,(주)키이스트,2020,성공,확정,원본,54176542.0,54177000.0,False,472820000.0,14815483000.0
00353762,(주)키이스트,2021,성공,확정,정정,120967406.0,120967000.0,False,0.0,57076000.0
00353762,(주)키이스트,2022,성공,확정,원본,349412096.0,349412000.0,False,0.0,69146000.0
00353762,(주)키이스트,2023,성공,확정,원본,337472949.0,337473000.0,False,0.0,81939000.0
00353762,(주)키이스트,2024,성공,확정,원본,259525192.0,259525000.0,False,0.0,77948000.0
00353762,(주)키이스트,2025,성공,확정,원본,433867190.0,433867000.0,False,0.0,82925000.0
00260930,(주)에스엠엔터테인먼트,2015,성공,확정,원본,51079236655.0,51079237000.0,False,1400000.0,13960705000.0
00260930,(주)에스엠엔터테인먼트,2016,성공,확정,원본,37051350324.0,37051350000.0,False,0.0,13099051000.0
00260930,(주)에스엠엔터테인먼트,2017,성공,확정,원본,113495243827.0,113495244000.0,False,0.0,64360304000.0
00260930,(주)에스엠엔터테인먼트,2018,성공,확정,원본,186003342580.0,186003342000.0,False,799980000.0,75275566000.0
00260930,(주)에스엠엔터테인먼트,2019,성공,확정,원본,199278124787.0,199278125000.0,False,17011778000.0,103203813000.0
00260930,(주)에스엠엔터테인먼트,2020,성공,확정,원본,177933814020.0,177933814000.0,False,11968218000.0,166205811000.0
00260930,(주)에스엠엔터테인먼트,2021,성공,확정,정정,144813615831.0,144813616000.0,False,10506961000.0,174959850000.0
00260930,(주)에스엠엔터테인먼트,2022,성공,확정,정정,145107007512.0,145107008000.0,False,221066000.0,183729158000.0
00260930,(주)에스엠엔터테인먼트,2023,성공,확정,정정,203862069622.0,203862070000.0,False,58704825000.0,194813220000.0
00260930,(주)에스엠엔터테인먼트,2024,성공,확정,원본,140213032950.0,140213033000.0,False,85000000.0,134166492000.0
00260930,(주)에스엠엔터테인먼트,2025,성공,확정,원본,601394560770.0,601394560000.0,False,0.0,184416197000.0
00265324,(주)씨제이이엔엠,2015,성공,확정,원본,261194668095.0,261194668000.0,False,3352408000.0,116847837000.0
00265324,(주)씨제이이엔엠,2016,성공,확정,원본,225566535141.0,225566535000.0,False,0.0,98273988000.0
00265324,(주)씨제이이엔엠,2017,성공,확정,원본,950308850066.0,950308850000.0,False,0.0,78885070000.0
00265324,(주)씨제이이엔엠,2018,성공,확정,정정,1826952100677.0,1826952101000.0,False,42029594000.0,346172667000.0
00265324,(주)씨제이이엔엠,2019,성공,확정,원본,1037887243746.0,1037887244000.0,False,158516031000.0,542234473000.0
00265324,(주)씨제이이엔엠,2020,성공,확정,정정,1072075322205.0,1072075321000.0,False,53845675000.0,433189333000.0
00265324,(주)씨제이이엔엠,2021,성공,확정,원본,1321883482916.0,1321883483000.0,False,49602756000.0,452068575000.0
00265324,(주)씨제이이엔엠,2022,성공,확정,원본,2768359639821.0,2768359639000.0,False,117879852000.0,1219841378000.0
00265324,(주)씨제이이엔엠,2023,성공,확정,원본,2856928686941.0,2856928687000.0,False,186542009000.0,899110917000.0
00265324,(주)씨제이이엔엠,2024,성공,확정,원본,2663714667920.0,2663714668000.0,False,57801336000.0,1520744421000.0
00265324,(주)씨제이이엔엠,2025,성공,확정,원본,2321385044592.0,2321385045000.0,False,52696484000.0,1171757818000.0
00364795,(주)레드로버,2015,성공,확정,원본,2430261727.0,2430261727.0,False,1153788237.0,534535172.0
00364795,(주)레드로버,2016,성공,확정,원본,2222152538.0,2222152538.0,False,0.0,730693992.0
00364795,(주)레드로버,2017,성공,확정,원본,1540799327.0,1540799327.0,False,0.0,743532065.0
00364795,(주)레드로버,2018,성공,확정,원본,530560026.0,530560026.0,False,561012451.0,557911850.0
00364795,(주)레드로버,2019,성공,확정,정정,330565461.0,330565461.0,False,0.0,199994565.0
00364795,(주)레드로버,2020,성공,확정,원본,6885266232.0,6885266232.0,False,128999994.0,327250146.0
00364795,(주)레드로버,2021,성공,확정,원본,632661628.0,632661628.0,False,0.0,241322869.0
00364795,(주)레드로버,2022,실패,,,,,,,
00364795,(주)레드로버,2023,실패,,,,,,,
00364795,(주)레드로버,2024,실패,,,,,,,
00364795,(주)레드로버,2025,실패,,,,,,,
01204056,(주)하이브,2020,성공,확정,원본,288374913000.0,288374913000.0,False,0.0,13521264000.0
01204056,(주)하이브,2021,성공,확정,원본,1330038427000.0,1330038427000.0,False,0.0,47156825000.0
01204056,(주)하이브,2022,성공,확정,정정,1470169884000.0,1470169884000.0,False,83383590000.0,68746044000.0
01204056,(주)하이브,2023,성공,확정,원본,2165250407000.0,2165250407000.0,False,95562539000.0,74222154000.0
01204056,(주)하이브,2024,성공,확정,원본,2244256804000.0,2244256804000.0,False,89746480000.0,84506106000.0
01204056,(주)하이브,2025,성공,확정,원본,1986685747000.0,1986685747000.0,False,163683556000.0,87516114000.0
00299464,(주)초록뱀미디어,2015,실패,,,,,,,
00299464,(주)초록뱀미디어,2016,실패,,,,,,,
00299464,(주)초록뱀미디어,2017,실패,,,,,,,
00299464,(주)초록뱀미디어,2018,실패,,,,,,,
00299464,(주)초록뱀미디어,2019,실패,,,,,,,
00299464,(주)초록뱀미디어,2020,실패,,,,,,,
00299464,(주)초록뱀미디어,2021,실패,,,,,,,
00299464,(주)초록뱀미디어,2022,실패,,,,,,,
00299464,(주)초록뱀미디어,2023,실패,,,,,,,
00299464,(주)초록뱀미디어,2024,실패,,,,,,,
00299464,(주)초록뱀미디어,2025,실패,,,,,,,
00303873,씨제이씨지브이(주),2015,성공,확정,원본,114546732478.0,114546732000.0,False,0.0,31324703000.0
00303873,씨제이씨지브이(주),2016,성공,확정,원본,892703484350.0,892703484000.0,False,0.0,30729379000.0
00303873,씨제이씨지브이(주),2017,성공,확정,원본,727736094592.0,727736095000.0,False,6052000.0,38430444000.0
00303873,씨제이씨지브이(주),2018,성공,확정,정정,460163901355.0,460163901000.0,False,0.0,20802706000.0
00303873,씨제이씨지브이(주),2019,성공,확정,원본,336280868943.0,336280869000.0,False,0.0,42240305000.0
00303873,씨제이씨지브이(주),2020,성공,확정,원본,241051823494.0,241051823000.0,False,23023000.0,22801312000.0
00303873,씨제이씨지브이(주),2021,성공,확정,원본,178290445823.0,178290446000.0,False,9049000.0,12904674000.0
00303873,씨제이씨지브이(주),2022,성공,확정,원본,167726522496.0,167726522000.0,False,2783000.0,14411165000.0
00303873,씨제이씨지브이(주),2023,성공,확정,원본,203424638546.0,203424639000.0,False,916000.0,12730008000.0
00303873,씨제이씨지브이(주),2024,성공,확정,원본,576099666331.0,576099666000.0,False,98000.0,20345498000.0
00303873,씨제이씨지브이(주),2025,성공,확정,원본,534894515126.0,534894515000.0,False,50815784000.0,24773102000.0
00397191,(주)팬엔터테인먼트,2015,실패,,,,,,,
00397191,(주)팬엔터테인먼트,2016,실패,,,,,,,
00397191,(주)팬엔터테인먼트,2017,실패,,,,,,,
00397191,(주)팬엔터테인먼트,2018,실패,,,,,,,
00397191,(주)팬엔터테인먼트,2019,실패,,,,,,,
00397191,(주)팬엔터테인먼트,2020,실패,,,,,,,
00397191,(주)팬엔터테인먼트,2021,실패,,,,,,,
00397191,(주)팬엔터테인먼트,2022,실패,,,,,,,
00397191,(주)팬엔터테인먼트,2023,성공,확정,원본,1530500095.0,1530500000.0,True,,148806000.0
00397191,(주)팬엔터테인먼트,2024,실패,,,,,,,
00397191,(주)팬엔터테인먼트,2025,실패,,,,,,,
01186404,주식회사 디앤씨미디어,2017,성공,확정,정정,93505450.0,93505000.0,False,0.0,2321000.0
01186404,주식회사 디앤씨미디어,2018,성공,확정,원본,111305693.0,111306000.0,False,0.0,7712000.0
01186404,주식회사 디앤씨미디어,2019,성공,확정,원본,107546930.0,107547000.0,False,0.0,10098000.0
01186404,주식회사 디앤씨미디어,2020,성공,확정,원본,244643866.0,244644000.0,False,0.0,26067000.0
01186404,주식회사 디앤씨미디어,2021,성공,확정,정정,21144291517.0,21144292000.0,False,0.0,
01186404,주식회사 디앤씨미디어,2022,성공,확정,원본,21697695755.0,21697696000.0,False,0.0,1677494000.0
01186404,주식회사 디앤씨미디어,2023,성공,확정,정정,20681047354.0,20681047000.0,False,0.0,1421281000.0
01186404,주식회사 디앤씨미디어,2024,성공,확정,원본,25073798964.0,25073801000.0,False,0.0,1773007000.0
01186404,주식회사 디앤씨미디어,2025,성공,확정,원본,18600617456.0,18600618000.0,False,5477953000.0,1613881000.0
00223762,(주)케이티지니뮤직,2015,성공,확정,원본,9835090321.0,9835091000.0,False,0.0,14450782000.0
00223762,(주)케이티지니뮤직,2016,성공,확정,정정,8479412074.0,8479412000.0,False,0.0,16465569000.0
00223762,(주)케이티지니뮤직,2017,성공,확정,원본,2042580641.0,2042581000.0,False,6051876000.0,18630814000.0
00223762,(주)케이티지니뮤직,2018,성공,확정,원본,62367106929.0,62367107000.0,False,519212000.0,20990695000.0
00223762,(주)케이티지니뮤직,2019,성공,확정,원본,60771067856.0,60771068000.0,False,103067000.0,25150437000.0
00223762,(주)케이티지니뮤직,2020,성공,확정,원본,55587544623.0,55587544000.0,False,0.0,27709300000.0
00223762,(주)케이티지니뮤직,2021,성공,확정,원본,116265644712.0,116265645000.0,False,0.0,29790886000.0
00223762,(주)케이티지니뮤직,2022,성공,확정,원본,122081373659.0,122081374000.0,False,0.0,32325682000.0
00223762,(주)케이티지니뮤직,2023,성공,확정,원본,122206842594.0,122206842000.0,False,0.0,36317860000.0
00223762,(주)케이티지니뮤직,2024,성공,확정,원본,109086312833.0,109086314000.0,False,12320166000.0,40298084000.0
00223762,(주)케이티지니뮤직,2025,실패,,,,,,,
00301112,(주)삼화네트웍스,2015,성공,확정,원본,4225276600.0,4225276600.0,False,14507920.0,
00301112,(주)삼화네트웍스,2016,성공,확정,원본,1118531960.0,1118531960.0,False,0.0,
00301112,(주)삼화네트웍스,2017,성공,확정,원본,635708031.0,635708031.0,False,0.0,
00301112,(주)삼화네트웍스,2018,성공,확정,원본,4512199862.0,4512199862.0,False,0.0,
00301112,(주)삼화네트웍스,2019,성공,확정,원본,9944210883.0,9944210883.0,False,0.0,
00301112,(주)삼화네트웍스,2020,성공,확정,원본,335543800.0,335543800.0,False,0.0,
00301112,(주)삼화네트웍스,2021,성공,보통,원본,335543800.0,335543800.0,False,0.0,
00301112,(주)삼화네트웍스,2022,실패,,,,,,,
00301112,(주)삼화네트웍스,2023,실패,,,,,,,
00301112,(주)삼화네트웍스,2024,실패,,,,,,,
00301112,(주)삼화네트웍스,2025,실패,,,,,,,
00613318,(주)와이지엔터테인먼트,2015,성공,확정,원본,35867046101.0,35867046101.0,False,0.0,2478946676.0
00613318,(주)와이지엔터테인먼트,2016,성공,확정,원본,33201521932.0,33201521932.0,False,0.0,4422753849.0
00613318,(주)와이지엔터테인먼트,2017,성공,확정,원본,63102810862.0,63102810862.0,False,837196954.0,5890333261.0
00613318,(주)와이지엔터테인먼트,2018,성공,확정,정정,60675845141.0,60675845141.0,False,520547586.0,4393889918.0
00613318,(주)와이지엔터테인먼트,2019,성공,확정,원본,52321628699.0,52321628699.0,False,3651625964.0,3465920831.0
00613318,(주)와이지엔터테인먼트,2020,성공,확정,정정,46979110341.0,46979110341.0,False,2110112359.0,2013949219.0
00613318,(주)와이지엔터테인먼트,2021,성공,확정,원본,44469186264.0,44469186264.0,False,0.0,1355411584.0
00613318,(주)와이지엔터테인먼트,2022,성공,확정,정정,10853636441.0,10853636441.0,False,0.0,1216707246.0
00613318,(주)와이지엔터테인먼트,2023,성공,확정,정정,47082657725.0,47082657725.0,False,0.0,6327758964.0
00613318,(주)와이지엔터테인먼트,2024,성공,확정,원본,47382577696.0,47382577696.0,False,0.0,15423744925.0
00613318,(주)와이지엔터테인먼트,2025,성공,확정,원본,34692548888.0,34692548888.0,False,0.0,16351062730.0
00370006,(주)아이엠비씨,2015,성공,확정,원본,4124502567.0,4124503000.0,False,0.0,743379000.0
00370006,(주)아이엠비씨,2016,성공,확정,원본,5299408701.0,5299409000.0,False,0.0,1016543000.0
00370006,(주)아이엠비씨,2017,성공,확정,원본,7797409867.0,7797410000.0,False,138611000.0,2905710000.0
00370006,(주)아이엠비씨,2018,성공,확정,원본,4926914356.0,4926914000.0,False,843124000.0,3168320000.0
00370006,(주)아이엠비씨,2019,성공,확정,원본,3246528179.0,3246528000.0,False,147527000.0,1817018000.0
00370006,(주)아이엠비씨,2020,성공,확정,원본,3369105769.0,3369106000.0,False,74530000.0,669136000.0
00370006,(주)아이엠비씨,2021,성공,확정,원본,3112612943.0,3112613000.0,False,21407000.0,513157000.0
00370006,(주)아이엠비씨,2022,성공,확정,원본,3673403883.0,3673404000.0,False,92986000.0,534088000.0
00370006,(주)아이엠비씨,2023,성공,확정,원본,3141160394.0,3141160000.0,False,517876000.0,803818000.0
00370006,(주)아이엠비씨,2024,성공,확정,정정,4106466250.0,4106466000.0,False,49482000.0,1298672000.0
00370006,(주)아이엠비씨,2025,성공,확정,원본,3070600998.0,3070601000.0,False,156910000.0,1655775000.0
00303794,(주)쇼박스,2015,성공,확정,원본,115690002.0,115690000.0,False,0.0,75193958000.0
00303794,(주)쇼박스,2016,성공,확정,원본,846511152.0,846511000.0,False,0.0,50270155000.0
00303794,(주)쇼박스,2017,성공,확정,정정,1036992166.0,1036993000.0,False,0.0,57782787000.0
00303794,(주)쇼박스,2018,성공,확정,원본,8556275528.0,8556276000.0,False,0.0,39906015000.0
00303794,(주)쇼박스,2019,성공,확정,원본,3390114690.0,3390114000.0,False,0.0,59874944000.0
00303794,(주)쇼박스,2020,성공,확정,원본,2721531871.0,2721532000.0,False,0.0,30399281000.0
00303794,(주)쇼박스,2021,성공,확정,원본,2317087392.0,2317087000.0,False,0.0,19268441000.0
00303794,(주)쇼박스,2022,성공,확정,원본,4823689789.0,4823690000.0,False,1264000.0,42243536000.0
00303794,(주)쇼박스,2023,성공,확정,원본,10603149876.0,10603150000.0,False,5938622000.0,45820571000.0
00303794,(주)쇼박스,2024,실패,,,,,,,
00303794,(주)쇼박스,2025,실패,,,,,,,
01168684,스튜디오드래곤(주),2017,성공,확정,정정,127525594715.0,127525595000.0,True,,41769803000.0
01168684,스튜디오드래곤(주),2018,성공,확정,원본,198530945651.0,198530946000.0,True,,75468933000.0
01168684,스튜디오드래곤(주),2019,성공,확정,원본,233142287059.0,233142287000.0,True,,115019681000.0
01168684,스튜디오드래곤(주),2020,성공,확정,원본,230416919971.0,230416920000.0,True,,116575185000.0
01168684,스튜디오드래곤(주),2021,성공,확정,원본,298028251868.0,298028252000.0,True,,99149629000.0
01168684,스튜디오드래곤(주),2022,성공,확정,원본,377835439955.0,377835440000.0,True,,158945504000.0
01168684,스튜디오드래곤(주),2023,성공,확정,원본,358885372768.0,358885373000.0,True,,197469701000.0
01168684,스튜디오드래곤(주),2024,성공,확정,원본,204856594091.0,204856594000.0,True,,161544419000.0
01168684,스튜디오드래곤(주),2025,성공,확정,원본,228995860812.0,228995861000.0,False,18822098000.0,131348912000.0
01605282,(주)닷밀,2024,성공,확정,원본,103251190.0,103251190.0,False,0.0,21474475.0
01605282,(주)닷밀,2025,성공,확정,원본,113330761.0,113330761.0,False,0.0,30716497.0
00259590,(주)바른손이앤에이,2015,성공,확정,원본,25319362246.0,25319362000.0,False,466958000.0,316115000.0
00259590,(주)바른손이앤에이,2016,성공,확정,원본,26189525699.0,26189525000.0,False,7508011000.0,551699000.0
00259590,(주)바른손이앤에이,2017,성공,확정,원본,8584008593.0,8584009000.0,False,26483900000.0,259735000.0
00259590,(주)바른손이앤에이,2018,성공,확정,정정,4635452145.0,4635452000.0,False,105315000.0,396661000.0
00259590,(주)바른손이앤에이,2019,성공,확정,원본,2138926275.0,2138926000.0,False,5324610000.0,242833000.0
00259590,(주)바른손이앤에이,2020,성공,확정,원본,2011059702.0,2011060000.0,False,700000000.0,126528000.0
00259590,(주)바른손이앤에이,2021,성공,확정,정정,4842098635.0,4842098000.0,False,457023000.0,10789000.0
00259590,(주)바른손이앤에이,2022,성공,확정,원본,4006445512.0,4006446000.0,False,763430000.0,21999000.0
00259590,(주)바른손이앤에이,2023,성공,확정,원본,3641751218.0,3641752000.0,False,0.0,50456000.0
00259590,(주)바른손이앤에이,2024,성공,확정,원본,3220522257.0,3220522257.0,False,0.0,72508000.0
00259590,(주)바른손이앤에이,2025,성공,확정,원본,2566782257.0,2566782257.0,False,0.0,72508000.0
00203315,(주)콘텐트리중앙,2015,성공,확정,정정,38688196265.0,38688196000.0,False,0.0,4809249000.0
00203315,(주)콘텐트리중앙,2016,성공,확정,정정,37790654683.0,37790655000.0,False,0.0,838381000.0
00203315,(주)콘텐트리중앙,2017,성공,확정,원본,84369854065.0,84369854000.0,True,,9608466000.0
00203315,(주)콘텐트리중앙,2018,성공,확정,정정,87447714762.0,87447715000.0,True,,24585648000.0
00203315,(주)콘텐트리중앙,2019,성공,확정,원본,133880289903.0,133880290000.0,False,0.0,39170670000.0
00203315,(주)콘텐트리중앙,2020,성공,확정,원본,272815169981.0,272815170000.0,False,0.0,49941818000.0
00203315,(주)콘텐트리중앙,2021,성공,확정,원본,521961782014.0,521961781000.0,False,55946695000.0,103510983000.0
00203315,(주)콘텐트리중앙,2022,성공,확정,원본,657518584745.0,657518585000.0,False,109069774000.0,118947932000.0
00203315,(주)콘텐트리중앙,2023,성공,확정,원본,592562639289.0,592562639000.0,False,78205279000.0,107191191000.0
00203315,(주)콘텐트리중앙,2024,성공,확정,원본,700721668283.0,700721667000.0,False,14157305000.0,123928356000.0
00203315,(주)콘텐트리중앙,2025,성공,확정,원본,533822076306.0,533822076000.0,False,6042266000.0,146161781000.0
00657987,(주)케이엑스이노베이션,2015,성공,보통,원본,12863668896.0,12863669000.0,False,0.0,
00657987,(주)케이엑스이노베이션,2016,성공,보통,원본,12851676389.0,12851676000.0,False,0.0,
00657987,(주)케이엑스이노베이션,2017,성공,보통,원본,11576221054.0,11576221000.0,False,0.0,
00657987,(주)케이엑스이노베이션,2018,성공,보통,원본,8795031660.0,8795032000.0,False,0.0,
00657987,(주)케이엑스이노베이션,2019,성공,보통,원본,17571385287.0,17571385000.0,False,0.0,
00657987,(주)케이엑스이노베이션,2020,성공,보통,원본,14214661106.0,14214661000.0,False,0.0,
00657987,(주)케이엑스이노베이션,2021,성공,보통,원본,10096307024.0,10096306000.0,False,0.0,
00657987,(주)케이엑스이노베이션,2022,성공,보통,원본,7896061715.0,7896062000.0,False,0.0,
00657987,(주)케이엑스이노베이션,2023,성공,보통,원본,10563824014.0,10563824000.0,False,0.0,
00657987,(주)케이엑스이노베이션,2024,성공,보통,원본,11691296364.0,11691296000.0,False,0.0,
00657987,(주)케이엑스이노베이션,2025,성공,보통,원본,24899412733.0,24899413000.0,False,0.0,
01046203,(주)로아앤코홀딩스,2015,성공,확정,정정,190494984.0,190495000.0,False,0.0,106467000.0
01046203,(주)로아앤코홀딩스,2016,성공,확정,원본,2038448417.0,2038448000.0,False,0.0,69154000.0
01046203,(주)로아앤코홀딩스,2017,성공,확정,원본,2077130375.0,2077130000.0,False,0.0,77034000.0
01046203,(주)로아앤코홀딩스,2018,성공,확정,원본,4049426694.0,4049427000.0,False,0.0,87836000.0
01046203,(주)로아앤코홀딩스,2019,성공,확정,원본,3986048508.0,3986049000.0,False,0.0,81636000.0
01046203,(주)로아앤코홀딩스,2020,성공,확정,정정,3466005931.0,3466006000.0,False,1842319000.0,64325000.0
01046203,(주)로아앤코홀딩스,2021,성공,확정,원본,7896913909.0,7896915000.0,False,160333000.0,4188800000.0
01046203,(주)로아앤코홀딩스,2022,성공,확정,원본,3069137107.0,3069137000.0,False,0.0,4872918000.0
01046203,(주)로아앤코홀딩스,2023,성공,확정,정정,2201777943.0,2201778000.0,False,300000000.0,1265841000.0
01046203,(주)로아앤코홀딩스,2024,성공,확정,정정,7069552820.0,7069552000.0,False,626504000.0,755828000.0
01046203,(주)로아앤코홀딩스,2025,성공,확정,정정,6563833423.0,6563833000.0,False,1000000000.0,1907588000.0
00204642,(주)티비씨,2015,실패,,,,,,,
00204642,(주)티비씨,2016,실패,,,,,,,
00204642,(주)티비씨,2017,실패,,,,,,,
00204642,(주)티비씨,2018,실패,,,,,,,
00204642,(주)티비씨,2019,실패,,,,,,,
00204642,(주)티비씨,2020,실패,,,,,,,
00204642,(주)티비씨,2021,실패,,,,,,,
00204642,(주)티비씨,2022,실패,,,,,,,
00204642,(주)티비씨,2023,실패,,,,,,,
00204642,(주)티비씨,2024,실패,,,,,,,
00204642,(주)티비씨,2025,실패,,,,,,,
00208134,(주)케이엔엔,2015,실패,,,,,,,
00208134,(주)케이엔엔,2016,실패,,,,,,,
00208134,(주)케이엔엔,2017,실패,,,,,,,
00208134,(주)케이엔엔,2018,실패,,,,,,,
00208134,(주)케이엔엔,2019,실패,,,,,,,
00208134,(주)케이엔엔,2020,실패,,,,,,,
00208134,(주)케이엔엔,2021,실패,,,,,,,
00208134,(주)케이엔엔,2022,실패,,,,,,,
00208134,(주)케이엔엔,2023,실패,,,,,,,
00208134,(주)케이엔엔,2024,실패,,,,,,,
00208134,(주)케이엔엔,2025,실패,,,,,,,
01584934,(주)핑거스토리,2022,성공,확정,원본,665193352.0,665192000.0,False,492526000.0,289300000.0
01584934,(주)핑거스토리,2023,성공,확정,원본,389789554.0,389790000.0,False,535390000.0,244312000.0
01584934,(주)핑거스토리,2024,성공,확정,원본,722793701.0,722794000.0,False,126398000.0,134762000.0
01584934,(주)핑거스토리,2025,성공,확정,원본,2783658832.0,2783658000.0,False,35556000.0,86692000.0
00349097,(주)케이티스카이라이프,2015,성공,확정,원본,64332334467.0,64332334000.0,False,1033156000.0,21166168000.0
00349097,(주)케이티스카이라이프,2016,성공,확정,원본,64710043129.0,64710043000.0,False,0.0,18588417000.0
00349097,(주)케이티스카이라이프,2017,성공,확정,원본,69587103007.0,69587103000.0,False,557504000.0,19928300000.0
00349097,(주)케이티스카이라이프,2018,성공,확정,원본,61172824468.0,61172824000.0,False,2282562000.0,20603159000.0
00349097,(주)케이티스카이라이프,2019,성공,확정,원본,60980518794.0,60980519000.0,False,0.0,22373900000.0
00349097,(주)케이티스카이라이프,2020,성공,확정,원본,64290257363.0,64290257000.0,False,0.0,20069550000.0
00349097,(주)케이티스카이라이프,2021,성공,확정,정정,453572403832.0,453572404000.0,False,0.0,27162027000.0
00349097,(주)케이티스카이라이프,2022,성공,확정,원본,489822787164.0,489822787000.0,False,25884000000.0,51189103000.0
00349097,(주)케이티스카이라이프,2023,성공,확정,원본,384813967527.0,384813968000.0,False,113334250000.0,107479733000.0
00349097,(주)케이티스카이라이프,2024,성공,확정,원본,204572487047.0,204572487000.0,False,140022455000.0,115917151000.0
00349097,(주)케이티스카이라이프,2025,성공,확정,원본,174019148474.0,174019148000.0,False,972280000.0,85271960000.0
00154426,(주)아이에이치큐,2015,성공,확정,원본,115209166741.0,115209167000.0,False,0.0,38421345000.0
00154426,(주)아이에이치큐,2016,성공,확정,원본,113268537687.0,113268538000.0,False,1168689000.0,37697225000.0
00154426,(주)아이에이치큐,2017,성공,확정,원본,110401192385.0,110401193000.0,False,4177038000.0,46202917000.0
00154426,(주)아이에이치큐,2018,성공,확정,원본,97044562059.0,97044562000.0,False,23275780000.0,38294333000.0
00154426,(주)아이에이치큐,2019,성공,확정,원본,39773837867.0,39773838000.0,False,60386607000.0,45259545000.0
00154426,(주)아이에이치큐,2020,성공,확정,원본,17204733362.0,17204733000.0,False,3127810000.0,41597850000.0
00154426,(주)아이에이치큐,2021,성공,확정,정정,12628529706.0,12628529000.0,False,6960762000.0,22938892000.0
00154426,(주)아이에이치큐,2022,성공,확정,정정,11471168021.0,11471168000.0,False,260660000.0,28774773000.0
00154426,(주)아이에이치큐,2023,실패,,,,,,,
00154426,(주)아이에이치큐,2024,성공,확정,원본,9209677707.0,9209677000.0,False,0.0,10986437000.0
00154426,(주)아이에이치큐,2025,성공,확정,원본,7653455166.0,7653455000.0,False,99867000.0,12933083000.0
00146427,한주에이알티(주),2015,성공,확정,원본,938787500.0,938788000.0,False,345930000.0,11250000.0
00146427,한주에이알티(주),2016,성공,확정,원본,542750000.0,542750000.0,False,738968000.0,14250000.0
00146427,한주에이알티(주),2017,실패,,,,,,,
00146427,한주에이알티(주),2018,실패,,,,,,,
00146427,한주에이알티(주),2019,실패,,,,,,,
00146427,한주에이알티(주),2020,실패,,,,,,,
00146427,한주에이알티(주),2021,실패,,,,,,,
00146427,한주에이알티(주),2022,실패,,,,,,,
00146427,한주에이알티(주),2023,실패,,,,,,,
00146427,한주에이알티(주),2024,성공,확정,원본,6838021886.0,6838022000.0,False,3643670000.0,466183000.0
00146427,한주에이알티(주),2025,실패,,,,,,,
00222532,(주)엘지헬로비전,2015,성공,확정,원본,223905515057.0,223905515000.0,False,102200000.0,218360000.0
00222532,(주)엘지헬로비전,2016,성공,확정,원본,185564188574.0,185564188000.0,False,0.0,192371000.0
00222532,(주)엘지헬로비전,2017,성공,확정,정정,173818770481.0,173818770000.0,False,0.0,197492000.0
00222532,(주)엘지헬로비전,2018,성공,확정,원본,208145096439.0,208145096000.0,False,0.0,384281000.0
00222532,(주)엘지헬로비전,2019,성공,확정,원본,102763990791.0,102763992000.0,False,1611887000.0,51897911000.0
00222532,(주)엘지헬로비전,2020,성공,확정,원본,77802826440.0,77802826000.0,False,23673000.0,41551569000.0
00222532,(주)엘지헬로비전,2021,성공,확정,원본,62676529545.0,62676530000.0,False,0.0,29414513000.0
00222532,(주)엘지헬로비전,2022,성공,확정,정정,48393609567.0,48393610000.0,False,0.0,27280511000.0
00222532,(주)엘지헬로비전,2023,성공,확정,원본,46489266248.0,46489266000.0,False,0.0,24980259000.0
00222532,(주)엘지헬로비전,2024,성공,확정,원본,45802851954.0,45802852000.0,False,6905548000.0,19741812000.0
00222532,(주)엘지헬로비전,2025,성공,확정,원본,47843828296.0,47843828000.0,False,0.0,15643073000.0
00814786,(주)티엔엔터테인먼트,2015,성공,확정,정정,1678209365.0,1678210000.0,False,0.0,0.0
00814786,(주)티엔엔터테인먼트,2016,성공,보통,원본,97300000.0,97300000.0,False,53924000.0,0.0
00814786,(주)티엔엔터테인먼트,2017,성공,확정,원본,111511621.0,111512000.0,False,9677000.0,888000.0
00814786,(주)티엔엔터테인먼트,2018,성공,확정,원본,1178308398.0,1178308000.0,False,31368000.0,23706000.0
00814786,(주)티엔엔터테인먼트,2019,실패,,,,,,,
00814786,(주)티엔엔터테인먼트,2020,실패,,,,,,,
00814786,(주)티엔엔터테인먼트,2021,실패,,,,,,,
00814786,(주)티엔엔터테인먼트,2022,성공,확정,원본,64246045938.0,64246046000.0,False,0.0,2252027000.0
00814786,(주)티엔엔터테인먼트,2023,성공,확정,정정,49792642096.0,49792643000.0,False,12538000000.0,4138392000.0
00814786,(주)티엔엔터테인먼트,2024,성공,확정,원본,46604496889.0,46604497000.0,False,84424000.0,4034965000.0
00814786,(주)티엔엔터테인먼트,2025,성공,확정,원본,45948867467.0,45948868000.0,False,0.0,5534250000.0
01082418,(주)에스에이엠지엔터테인먼트,2022,성공,확정,정정,11072321136.0,11072321000.0,False,1984601000.0,2570434000.0
01082418,(주)에스에이엠지엔터테인먼트,2023,성공,확정,원본,13272551802.0,13272552000.0,False,3542464000.0,3200180000.0
01082418,(주)에스에이엠지엔터테인먼트,2024,성공,확정,원본,13785955745.0,13785955000.0,False,287608000.0,6752120000.0
01082418,(주)에스에이엠지엔터테인먼트,2025,성공,확정,원본,14322393460.0,14322394000.0,False,1379000.0,
00200275,(주)와이티엔,2015,실패,,,,,,,
00200275,(주)와이티엔,2016,실패,,,,,,,
00200275,(주)와이티엔,2017,실패,,,,,,,
00200275,(주)와이티엔,2018,실패,,,,,,,
00200275,(주)와이티엔,2019,실패,,,,,,,
00200275,(주)와이티엔,2020,실패,,,,,,,
00200275,(주)와이티엔,2021,실패,,,,,,,
00200275,(주)와이티엔,2022,실패,,,,,,,
00200275,(주)와이티엔,2023,실패,,,,,,,
00200275,(주)와이티엔,2024,실패,,,,,,,
00200275,(주)와이티엔,2025,성공,보통,원본,19732270821.0,19732271000.0,False,340665000.0,54727000.0
01276327,(주)위지윅스튜디오,2018,실패,,,,,,,
01276327,(주)위지윅스튜디오,2019,실패,,,,,,,
01276327,(주)위지윅스튜디오,2020,실패,,,,,,,
01276327,(주)위지윅스튜디오,2021,실패,,,,,,,
01276327,(주)위지윅스튜디오,2022,성공,확정,원본,57841641461.0,57841641000.0,False,166666000.0,6440248000.0
01276327,(주)위지윅스튜디오,2023,성공,확정,정정,40581996058.0,40581996000.0,False,0.0,6343047000.0
01276327,(주)위지윅스튜디오,2024,성공,확정,원본,36451154087.0,36451154000.0,False,2474083000.0,4499270000.0
01276327,(주)위지윅스튜디오,2025,성공,확정,원본,27176089663.0,27176090000.0,False,9451567000.0,3699835000.0
01508855,(주)블리츠웨이엔터테인먼트,2020,실패,,,,,,,
01508855,(주)블리츠웨이엔터테인먼트,2021,성공,확정,원본,190654320.0,190654000.0,False,0.0,366248000.0
01508855,(주)블리츠웨이엔터테인먼트,2022,성공,확정,원본,9630099756.0,9630100000.0,False,0.0,1013570000.0
01508855,(주)블리츠웨이엔터테인먼트,2023,성공,확정,원본,8283932948.0,8283933000.0,False,0.0,1828117000.0
01508855,(주)블리츠웨이엔터테인먼트,2024,성공,확정,원본,18044597194.0,18044597000.0,False,620387000.0,3120482000.0
01508855,(주)블리츠웨이엔터테인먼트,2025,실패,,,,,,,
01138364,더핑크퐁컴퍼니(주),2021,실패,,,,,,,
01138364,더핑크퐁컴퍼니(주),2022,실패,,,,,,,
01138364,더핑크퐁컴퍼니(주),2023,실패,,,,,,,
01138364,더핑크퐁컴퍼니(주),2024,실패,,,,,,,
01138364,더핑크퐁컴퍼니(주),2025,실패,,,,,,,
00130772,(주)SBS,2015,성공,확정,원본,8351232703.0,8351233000.0,False,244686000.0,1045348000.0
00130772,(주)SBS,2016,성공,확정,원본,8447525617.0,8447526000.0,False,215633000.0,1228045000.0
00130772,(주)SBS,2017,성공,확정,원본,20708406810.0,20708407000.0,False,0.0,1371070000.0
00130772,(주)SBS,2018,성공,확정,원본,21103952137.0,21103952000.0,False,0.0,1097395000.0
00130772,(주)SBS,2019,성공,확정,원본,23860174168.0,23860174000.0,False,0.0,1277130000.0
00130772,(주)SBS,2020,성공,확정,원본,19322407880.0,19322408000.0,False,5980000000.0,1070202000.0
00130772,(주)SBS,2021,성공,확정,원본,20485977060.0,20485977000.0,False,0.0,474314000.0
00130772,(주)SBS,2022,성공,확정,원본,54327648183.0,54327648000.0,False,0.0,1377116000.0
00130772,(주)SBS,2023,성공,확정,원본,46232969870.0,46232970000.0,False,7510742000.0,3329298000.0
00130772,(주)SBS,2024,성공,확정,원본,52529189498.0,52529189000.0,False,1953174000.0,3873601000.0
00130772,(주)SBS,2025,성공,확정,원본,35116031251.0,35116032000.0,False,6946229000.0,3942460000.0
00173449,(주)빌리언스,2015,성공,확정,원본,456134453.0,456134453.0,False,0.0,20124024.0
00173449,(주)빌리언스,2016,성공,확정,정정,433373433.0,433373433.0,False,0.0,18635740.0
00173449,(주)빌리언스,2017,성공,확정,정정,416831843.0,416831843.0,False,0.0,19584321.0
00173449,(주)빌리언스,2018,성공,확정,원본,392233234.0,392233234.0,False,9554400.0,17106865.0
00173449,(주)빌리언스,2019,성공,확정,원본,23158749970.0,23158751000.0,False,0.0,171925000.0
00173449,(주)빌리언스,2020,성공,확정,정정,468746240.0,468746000.0,False,3505900000.0,23460000.0
00173449,(주)빌리언스,2021,성공,확정,정정,6236625892.0,6236625000.0,False,17492327000.0,710979000.0
00173449,(주)빌리언스,2022,성공,확정,원본,3200554212.0,3200556000.0,False,2729050000.0,509076000.0
00173449,(주)빌리언스,2023,성공,확정,원본,14962381727.0,14962382000.0,False,14926319000.0,2212232000.0
00173449,(주)빌리언스,2024,실패,,,,,,,
00173449,(주)빌리언스,2025,실패,,,,,,,
00991225,(주)더콘텐츠온,2017,실패,,,,,,,
00991225,(주)더콘텐츠온,2018,실패,,,,,,,
00991225,(주)더콘텐츠온,2019,실패,,,,,,,
00991225,(주)더콘텐츠온,2020,실패,,,,,,,
00991225,(주)더콘텐츠온,2021,실패,,,,,,,
00991225,(주)더콘텐츠온,2022,실패,,,,,,,
00991225,(주)더콘텐츠온,2023,실패,,,,,,,
00991225,(주)더콘텐츠온,2024,실패,,,,,,,
00991225,(주)더콘텐츠온,2025,실패,,,,,,,
01513699,주식회사 포바이포,2022,성공,확정,원본,3411101173.0,3411101000.0,False,0.0,278685000.0
01513699,주식회사 포바이포,2023,성공,확정,정정,18099190533.0,18099191000.0,False,0.0,1208540000.0
01513699,주식회사 포바이포,2024,성공,확정,원본,16388470667.0,16388471000.0,False,962530000.0,1187023000.0
01513699,주식회사 포바이포,2025,성공,확정,원본,14280514395.0,14280515000.0,False,1090170000.0,997836000.0
00990396,(주)레드우즈,2016,실패,,,,,,,
00990396,(주)레드우즈,2017,실패,,,,,,,
00990396,(주)레드우즈,2018,실패,,,,,,,
00990396,(주)레드우즈,2019,실패,,,,,,,
00990396,(주)레드우즈,2020,실패,,,,,,,
00990396,(주)레드우즈,2021,성공,보통,원본,2038600.0,2039000.0,False,0.0,
00990396,(주)레드우즈,2022,성공,확정,정정,357009858.0,357010000.0,False,0.0,880000.0
00990396,(주)레드우즈,2023,성공,확정,원본,710801.0,711000.0,False,0.0,448000.0
00990396,(주)레드우즈,2024,성공,확정,원본,309602.0,310000.0,False,0.0,401000.0
00990396,(주)레드우즈,2025,성공,확정,원본,91427.0,91000.0,False,0.0,218000.0
00608699,주식회사 탑코미디어,2015,성공,보통,원본,2538549307.0,2538549000.0,True,0.0,1818032000.0
00608699,주식회사 탑코미디어,2016,성공,확정,원본,2143911594.0,2143911000.0,True,15478000.0,2484555000.0
00608699,주식회사 탑코미디어,2017,성공,확정,원본,673438730.0,673439000.0,True,0.0,3411548000.0
00608699,주식회사 탑코미디어,2018,성공,확정,원본,118066655.0,118067000.0,True,0.0,3466920000.0
00608699,주식회사 탑코미디어,2019,성공,확정,정정,77583888.0,77584000.0,False,0.0,40483000.0
00608699,주식회사 탑코미디어,2020,성공,확정,원본,42000000.0,42000000.0,False,21773000.0,13811000.0
00608699,주식회사 탑코미디어,2021,성공,확정,원본,15000000.0,15000000.0,False,27000000.0,0.0
00608699,주식회사 탑코미디어,2022,성공,확정,정정,18526000000.0,18526000000.0,False,11000000.0,1500000000.0
00608699,주식회사 탑코미디어,2023,성공,확정,원본,16539000000.0,16539000000.0,False,0.0,2002000000.0
00608699,주식회사 탑코미디어,2024,성공,확정,원본,14536000000.0,14536000000.0,False,0.0,2003000000.0
00608699,주식회사 탑코미디어,2025,성공,확정,원본,27955814282.0,27955814000.0,False,3501412000.0,6255543000.0
00364467,(주)드림어스컴퍼니,2015,성공,확정,정정,5102906583.0,5102906000.0,False,0.0,1612000000.0
00364467,(주)드림어스컴퍼니,2016,성공,확정,정정,4607322551.0,4607323000.0,False,410018000.0,2315142000.0
00364467,(주)드림어스컴퍼니,2017,성공,확정,정정,52843411928.0,52843412000.0,False,1298853000.0,2533595000.0
00364467,(주)드림어스컴퍼니,2018,성공,확정,원본,49430124489.0,49430124000.0,False,18961997000.0,6624198000.0
00364467,(주)드림어스컴퍼니,2019,성공,확정,원본,26598624855.0,26598625000.0,False,21824682000.0,7923879000.0
00364467,(주)드림어스컴퍼니,2020,성공,확정,원본,16860524553.0,16860525000.0,False,5548640000.0,6564080000.0
00364467,(주)드림어스컴퍼니,2021,성공,확정,원본,15767310137.0,15767310000.0,False,585423000.0,3872968000.0
00364467,(주)드림어스컴퍼니,2022,성공,확정,원본,13278535066.0,13278535000.0,False,1202041000.0,3868771000.0
00364467,(주)드림어스컴퍼니,2023,성공,확정,원본,11711248311.0,11711248000.0,False,849711000.0,2364748000.0
00364467,(주)드림어스컴퍼니,2024,성공,확정,원본,8635686846.0,8635687000.0,False,1097593000.0,2493312000.0
00364467,(주)드림어스컴퍼니,2025,성공,확정,원본,3188293813.0,3188294000.0,False,5241444000.0,993883000.0
01021949,(주)덱스터스튜디오,2015,성공,확정,원본,1065969736.0,1065970000.0,False,0.0,555783000.0
01021949,(주)덱스터스튜디오,2016,성공,확정,원본,1085831225.0,1085831000.0,False,0.0,561233000.0
01021949,(주)덱스터스튜디오,2017,성공,확정,정정,1418253817.0,1418254000.0,False,0.0,486462000.0
01021949,(주)덱스터스튜디오,2018,성공,확정,원본,1190644226.0,1190644000.0,False,0.0,333393000.0
01021949,(주)덱스터스튜디오,2019,성공,확정,원본,978580143.0,978580000.0,False,66785000.0,248516000.0
01021949,(주)덱스터스튜디오,2020,성공,확정,정정,802999745.0,803000000.0,False,34616000.0,202850000.0
01021949,(주)덱스터스튜디오,2021,성공,확정,정정,5707908949.0,5707910000.0,False,57301000.0,340844000.0
01021949,(주)덱스터스튜디오,2022,성공,확정,원본,4627341269.0,4627341000.0,False,30148000.0,1137416000.0
01021949,(주)덱스터스튜디오,2023,성공,확정,원본,3649066058.0,3649066000.0,False,0.0,987424000.0
01021949,(주)덱스터스튜디오,2024,성공,확정,원본,2577922547.0,2577923000.0,False,537068000.0,552343000.0
01021949,(주)덱스터스튜디오,2025,성공,확정,원본,6974834259.0,6974834000.0,False,0.0,696304000.0
01704680,(주)엠83,2024,성공,확정,원본,10119957891.0,10119958000.0,False,0.0,31605000.0
01704680,(주)엠83,2025,성공,확정,원본,9806631151.0,9806631000.0,False,267819000.0,91656000.0
01406265,주식회사 와이랩,2023,성공,확정,원본,297875106.0,297876000.0,False,0.0,49652000.0
01406265,주식회사 와이랩,2024,성공,확정,정정,318723362.0,318723000.0,False,0.0,60163000.0
01406265,주식회사 와이랩,2025,성공,확정,원본,480861770.0,480862000.0,False,0.0,99284000.0
01264438,(주)자이언트스텝,2020,성공,확정,정정,765033036.0,765034000.0,False,0.0,261955000.0
01264438,(주)자이언트스텝,2021,성공,확정,원본,1972687152.0,1972687000.0,False,0.0,288497000.0
01264438,(주)자이언트스텝,2022,성공,확정,원본,10908619183.0,10908619000.0,False,0.0,486674000.0
01264438,(주)자이언트스텝,2023,실패,,,,,,,
01264438,(주)자이언트스텝,2024,실패,,,,,,,
01264438,(주)자이언트스텝,2025,실패,,,,,,,
01703849,(주)노머스,2024,성공,확정,정정,2110970912.0,2110970000.0,False,0.0,94822000.0
01703849,(주)노머스,2025,성공,확정,원본,2046205914.0,2046207000.0,False,0.0,131586000.0
01518506,(주)타조이엔터테인먼트,2023,실패,,,,,,,
01518506,(주)타조이엔터테인먼트,2024,실패,,,,,,,
01518506,(주)타조이엔터테인먼트,2025,실패,,,,,,,
01364297,(주)코퍼스코리아,2019,실패,,,,,,,
01364297,(주)코퍼스코리아,2020,성공,확정,원본,16184745349.0,16184745349.0,False,894435304.0,4275000064.0
01364297,(주)코퍼스코리아,2021,성공,확정,원본,23946300892.0,23946300892.0,False,1636268742.0,4983259632.0
01364297,(주)코퍼스코리아,2022,성공,확정,원본,43361249314.0,43361249314.0,False,990000000.0,7910329300.0
01364297,(주)코퍼스코리아,2023,성공,확정,원본,64182298394.0,64182298394.0,False,0.0,23070218685.0
01364297,(주)코퍼스코리아,2024,성공,확정,원본,34954447207.0,34954447207.0,False,2223491780.0,33714158007.0
01364297,(주)코퍼스코리아,2025,성공,확정,원본,25586940682.0,25586940682.0,False,828547456.0,11899241388.0
00990819,(주)아티스트스튜디오,2015,실패,,,,,,,
00990819,(주)아티스트스튜디오,2016,실패,,,,,,,
00990819,(주)아티스트스튜디오,2017,실패,,,,,,,
00990819,(주)아티스트스튜디오,2018,실패,,,,,,,
00990819,(주)아티스트스튜디오,2019,성공,보통,원본,312115295.0,312115000.0,False,0.0,59103000.0
00990819,(주)아티스트스튜디오,2020,성공,확정,원본,30765132.0,30765000.0,False,243115000.0,35629000.0
00990819,(주)아티스트스튜디오,2021,성공,확정,원본,575503598.0,575504000.0,False,0.0,62563000.0
00990819,(주)아티스트스튜디오,2022,성공,확정,정정,2008744318.0,2008744000.0,False,205000000.0,366289000.0
00990819,(주)아티스트스튜디오,2023,성공,확정,원본,148234324.0,148234000.0,False,1087500000.0,905651000.0
00990819,(주)아티스트스튜디오,2024,성공,확정,원본,144636800.0,144637000.0,False,0.0,6597000.0
00990819,(주)아티스트스튜디오,2025,성공,확정,원본,138100323.0,138100000.0,False,0.0,6537000.0
00231691,(주)판타지오,2015,성공,보통,원본,1800444219.0,1800444219.0,False,0.0,64122553.0
00231691,(주)판타지오,2016,성공,확정,원본,2013553700.0,2013553700.0,False,0.0,252264875.0
00231691,(주)판타지오,2017,성공,확정,원본,1406794552.0,1406794552.0,False,1485714.0,521072459.0
00231691,(주)판타지오,2018,성공,확정,원본,873999316.0,873999316.0,False,0.0,536250396.0
00231691,(주)판타지오,2019,실패,,,,,,,
00231691,(주)판타지오,2020,성공,확정,정정,222230601.0,222230601.0,False,400000000.0,203981917.0
00231691,(주)판타지오,2021,성공,확정,원본,6635050805.0,6635050805.0,False,434849863.0,174450540.0
00231691,(주)판타지오,2022,실패,,,,,,,
00231691,(주)판타지오,2023,실패,,,,,,,
00231691,(주)판타지오,2024,실패,,,,,,,
00231691,(주)판타지오,2025,실패,,,,,,,
00280688,스튜디오에스(주),2015,성공,보통,원본,1995031622.0,1995031000.0,False,0.0,
00280688,스튜디오에스(주),2016,성공,보통,원본,1504131387.0,1504131000.0,False,0.0,
00280688,스튜디오에스(주),2017,성공,보통,원본,1224023957.0,1224024000.0,False,0.0,
00280688,스튜디오에스(주),2018,성공,보통,원본,1338439630.0,1338439000.0,False,0.0,
00280688,스튜디오에스(주),2019,성공,보통,원본,949537491.0,949537000.0,False,0.0,
00280688,스튜디오에스(주),2020,성공,보통,원본,884714095.0,884714000.0,False,0.0,
00280688,스튜디오에스(주),2021,성공,보통,원본,841283523.0,841284000.0,False,0.0,
00280688,스튜디오에스(주),2022,성공,보통,원본,825537100.0,825537000.0,False,0.0,
00280688,스튜디오에스(주),2023,성공,보통,원본,809291666.0,809292000.0,False,0.0,
01467451,(주)케이티밀리의서재,2023,성공,확정,정정,1173954080.0,1173954000.0,False,0.0,127907000.0
01467451,(주)케이티밀리의서재,2024,성공,확정,원본,3310184135.0,3310184000.0,False,384500000.0,881368000.0
01467451,(주)케이티밀리의서재,2025,성공,확정,원본,4862760044.0,4862760000.0,False,1525356000.0,2726851000.0
00145437,주식회사 아센디오,2015,성공,보통,원본,515744999.0,515745000.0,False,0.0,37830000.0
00145437,주식회사 아센디오,2016,성공,확정,정정,146705949.0,146706000.0,False,412500000.0,55580000.0
00145437,주식회사 아센디오,2017,성공,확정,정정,5498123800.0,5498123000.0,False,15830000.0,36625000.0
00145437,주식회사 아센디오,2018,성공,확정,원본,6245518444.0,6245518000.0,False,6506445000.0,370498000.0
00145437,주식회사 아센디오,2019,성공,확정,정정,489805763.0,489805000.0,False,5488703000.0,338456000.0
00145437,주식회사 아센디오,2020,성공,확정,정정,1173348497.0,1173348000.0,False,0.0,228208000.0
00145437,주식회사 아센디오,2021,실패,,,,,,,
00145437,주식회사 아센디오,2022,실패,,,,,,,
00145437,주식회사 아센디오,2023,실패,,,,,,,
00145437,주식회사 아센디오,2024,실패,,,,,,,
00145437,주식회사 아센디오,2025,실패,,,,,,,
00140131,(주)키다리스튜디오,2015,실패,,,,,,,
00140131,(주)키다리스튜디오,2016,실패,,,,,,,
00140131,(주)키다리스튜디오,2017,실패,,,,,,,
00140131,(주)키다리스튜디오,2018,실패,,,,,,,
00140131,(주)키다리스튜디오,2019,실패,,,,,,,
00140131,(주)키다리스튜디오,2020,실패,,,,,,,
00140131,(주)키다리스튜디오,2021,성공,확정,원본,174476804889.0,174476803000.0,False,1442423000.0,3099757000.0
00140131,(주)키다리스튜디오,2022,성공,확정,원본,172824187317.0,172824184000.0,False,5228667000.0,13099365000.0
00140131,(주)키다리스튜디오,2023,실패,,,,,,,
00140131,(주)키다리스튜디오,2024,실패,,,,,,,
00140131,(주)키다리스튜디오,2025,성공,보통,원본,150053232875.0,150053233000.0,False,0.0,
00543204,(주)아이오케이이엔엠,2015,성공,보통,원본,10925327701.0,10925327000.0,False,0.0,166263000.0
00543204,(주)아이오케이이엔엠,2016,성공,보통,원본,7172697383.0,7172697000.0,False,3601733000.0,112643000.0
00543204,(주)아이오케이이엔엠,2017,성공,보통,원본,15943899157.0,15943899000.0,False,613976000.0,150897000.0
00543204,(주)아이오케이이엔엠,2018,성공,보통,원본,13966922926.0,13966923000.0,False,6243910000.0,229386000.0
00543204,(주)아이오케이이엔엠,2019,성공,보통,원본,30616347081.0,30616347000.0,False,6243910000.0,421694000.0
00543204,(주)아이오케이이엔엠,2020,성공,보통,원본,6313431484.0,6313431000.0,False,3511422000.0,487641000.0
00543204,(주)아이오케이이엔엠,2021,성공,확정,정정,8639814146.0,8639814000.0,False,5435595000.0,1670503000.0
00543204,(주)아이오케이이엔엠,2022,성공,확정,정정,6430482314.0,6430482000.0,False,1419942000.0,889768000.0
00543204,(주)아이오케이이엔엠,2023,성공,확정,정정,5717642251.0,5717642000.0,False,0.0,717790000.0
00543204,(주)아이오케이이엔엠,2024,성공,확정,원본,6362009939.0,6362010000.0,False,405500000.0,443465000.0
00543204,(주)아이오케이이엔엠,2025,성공,확정,원본,3784059213.0,3784059000.0,False,3554072000.0,438278000.0
00550082,(주)캔버스엔,2015,성공,확정,정정,18993255.0,18993000.0,False,0.0,5471000.0
00550082,(주)캔버스엔,2016,성공,확정,정정,25706635.0,25707000.0,False,0.0,5471000.0
00550082,(주)캔버스엔,2017,성공,확정,원본,383299165.0,383299000.0,False,0.0,37906000.0
00550082,(주)캔버스엔,2018,성공,확정,정정,203727702.0,203728000.0,False,115232000.0,65339000.0
00550082,(주)캔버스엔,2019,성공,확정,원본,14225376.0,14225000.0,False,464000.0,189039000.0
00550082,(주)캔버스엔,2020,성공,확정,원본,6840192.0,6840000.0,False,0.0,8315000.0
00550082,(주)캔버스엔,2021,성공,확정,원본,6344435.0,6344000.0,False,0.0,4465000.0
00550082,(주)캔버스엔,2022,성공,확정,원본,4635527.0,4636000.0,False,0.0,2523000.0
00550082,(주)캔버스엔,2023,성공,보통,원본,28871196.0,28871000.0,False,0.0,
00550082,(주)캔버스엔,2024,실패,,,,,,,
00550082,(주)캔버스엔,2025,성공,보통,원본,4467933.0,4468000.0,False,0.0,
01116502,(주)아티스트컴퍼니,2020,성공,확정,정정,873607095.0,873607000.0,False,0.0,252445000.0
01116502,(주)아티스트컴퍼니,2021,성공,확정,원본,9688398900.0,9688399000.0,False,0.0,412474000.0
01116502,(주)아티스트컴퍼니,2022,성공,확정,원본,3735324159.0,3735324000.0,False,5161921000.0,791730000.0
01116502,(주)아티스트컴퍼니,2023,성공,보통,원본,179012001.0,179012000.0,False,0.0,
01116502,(주)아티스트컴퍼니,2024,성공,보통,원본,800221021.0,800221000.0,False,0.0,
01116502,(주)아티스트컴퍼니,2025,성공,확정,원본,13937942949.0,13937943000.0,False,4416667000.0,1956904000.0
01267222,(주)에피소드컴퍼니,2019,성공,확정,정정,150366707.0,150367000.0,False,0.0,30597000.0
01267222,(주)에피소드컴퍼니,2020,성공,확정,정정,1255632656.0,1255633000.0,False,668977000.0,131204000.0
01267222,(주)에피소드컴퍼니,2021,성공,확정,원본,1113493946.0,1113494000.0,False,25000000.0,131546000.0
01267222,(주)에피소드컴퍼니,2022,성공,확정,원본,1005272802.0,1005273000.0,False,318000.0,119770000.0
01267222,(주)에피소드컴퍼니,2023,성공,확정,원본,1099965199.0,1099965000.0,False,80999000.0,111580000.0
01267222,(주)에피소드컴퍼니,2024,성공,확정,정정,183849728.0,183850000.0,False,904428000.0,260622000.0
01267222,(주)에피소드컴퍼니,2025,성공,확정,원본,133282928.0,133283000.0,False,0.0,204240000.0
00985686,(주)큐브엔터테인먼트,2015,성공,확정,원본,34042272.0,34042000.0,False,0.0,21376000.0
00985686,(주)큐브엔터테인먼트,2016,성공,확정,원본,922029948.0,922030000.0,False,0.0,221042000.0
00985686,(주)큐브엔터테인먼트,2017,성공,확정,원본,760435791.0,760435000.0,False,66852000.0,384743000.0
00985686,(주)큐브엔터테인먼트,2018,성공,확정,원본,1289361493.0,1289361000.0,False,111836000.0,472198000.0
00985686,(주)큐브엔터테인먼트,2019,성공,확정,원본,3432863998.0,3432863000.0,False,0.0,1152267000.0
00985686,(주)큐브엔터테인먼트,2020,성공,확정,원본,6676550952.0,6676551000.0,False,231220000.0,1407463000.0
00985686,(주)큐브엔터테인먼트,2021,성공,확정,원본,4730296574.0,4730297000.0,False,107980000.0,2236708000.0
00985686,(주)큐브엔터테인먼트,2022,성공,확정,원본,3448677691.0,3448678000.0,False,724774000.0,1949615000.0
00985686,(주)큐브엔터테인먼트,2023,성공,확정,원본,2580524725.0,2580525000.0,False,1564338000.0,1540774000.0
00985686,(주)큐브엔터테인먼트,2024,성공,확정,원본,15784270636.0,15784271000.0,False,45853000.0,1860107000.0
00985686,(주)큐브엔터테인먼트,2025,성공,확정,원본,9218800764.0,9218801000.0,False,1140551000.0,5417853000.0
00249441,(주)씨씨에스충북방송,2015,성공,확정,정정,7341848526.0,7341848526.0,False,0.0,
00249441,(주)씨씨에스충북방송,2016,성공,확정,원본,6772842456.0,6772842456.0,False,0.0,
00249441,(주)씨씨에스충북방송,2017,성공,확정,원본,5103188542.0,5103188542.0,False,1641353100.0,
00249441,(주)씨씨에스충북방송,2018,성공,확정,원본,2552904601.0,2552904601.0,False,0.0,127828122.0
00249441,(주)씨씨에스충북방송,2019,성공,확정,원본,1372529451.0,1372529451.0,False,1047027906.0,239783244.0
00249441,(주)씨씨에스충북방송,2020,성공,확정,원본,748661646.0,748661646.0,False,585208868.0,38658937.0
00249441,(주)씨씨에스충북방송,2021,성공,확정,원본,812657658.0,812657658.0,False,422624072.0,36524208.0
00249441,(주)씨씨에스충북방송,2022,성공,확정,원본,32832000.0,32832000.0,False,516084366.0,100000.0
00249441,(주)씨씨에스충북방송,2023,성공,확정,원본,135155333.0,135155333.0,False,0.0,7476667.0
00249441,(주)씨씨에스충북방송,2024,성공,확정,정정,26932000.0,26932000.0,False,206844999.0,36414334.0
00249441,(주)씨씨에스충북방송,2025,성공,확정,원본,26932000.0,26932000.0,False,60958334.0,2791666.0
00263371,(주)한국경제티브이,2015,성공,보통,원본,681505765.0,681506000.0,False,549374000.0,2804427000.0
00263371,(주)한국경제티브이,2016,성공,보통,원본,533480572.0,533481000.0,False,549373000.0,3074165000.0
00263371,(주)한국경제티브이,2017,실패,,,,,,,
00263371,(주)한국경제티브이,2018,성공,보통,원본,1350750328.0,1350750000.0,False,549373000.0,3473607000.0
00263371,(주)한국경제티브이,2019,성공,보통,원본,1160259457.0,1160259000.0,False,549373000.0,3777141000.0
00263371,(주)한국경제티브이,2020,성공,보통,원본,1445321517.0,1445321000.0,False,563270000.0,4085440000.0
00263371,(주)한국경제티브이,2021,성공,보통,원본,1323901562.0,1323901000.0,False,563270000.0,4395222000.0
00263371,(주)한국경제티브이,2022,성공,보통,원본,918888155.0,918888000.0,False,563270000.0,4786693000.0
00263371,(주)한국경제티브이,2023,성공,보통,원본,737218198.0,737218000.0,False,563270000.0,5199402000.0
00263371,(주)한국경제티브이,2024,성공,보통,원본,634417838.0,634418000.0,False,563270000.0,5443665000.0
00263371,(주)한국경제티브이,2025,성공,보통,원본,1082719648.0,1082720000.0,False,563270000.0,5546262000.0
