기업명,corp_code,업종코드,구분,업종,보고연도수,기준연도,무형자산,자산총계,무형비중,게이트
주식회사 탑코미디어,00608699,631,경계,포털·콘텐츠 플랫폼,11,2025.0,27955814282.0,60367477963.0,0.46309395762954475,통과
(주)키다리스튜디오,00140131,631,경계,포털·콘텐츠 플랫폼,11,2025.0,150053232875.0,342620727464.0,0.43795725374135885,통과
(주)엔에이치엔벅스,00645089,639,경계,기타 정보서비스,11,2025.0,23023738553.0,66807403600.0,0.3446285488185025,통과
(주)팍스넷,00334624,63991,경계,기타 정보서비스,12,2023.0,4430853528.0,16592790751.0,0.2670348583605784,통과
(주)카카오,00258801,63120,경계,포털·콘텐츠 플랫폼,11,2025.0,5227758587082.0,27783524545811.0,0.1881603818285252,통과
(주)에프앤가이드,00331016,639,경계,기타 정보서비스,11,2025.0,15939640650.0,88472449505.0,0.18016502017500008,통과
(주)엔이능률,00363927,5811,경계,출판(웹툰·웹소설 IP / 교육출판 혼재),11,2025.0,17936762575.0,99626067611.0,0.18004085682710969,통과
네이트커뮤니케이션즈 주식회사,00361725,631,경계,포털·콘텐츠 플랫폼,3,2015.0,27121535097.0,152496057198.0,0.17785073001451804,통과
주식회사 디앤씨미디어,01186404,581,경계,출판(웹툰·웹소설 IP / 교육출판 혼재),9,2025.0,18600617456.0,117432951843.0,0.158393510203744,통과
(주)아이스크림에듀,00983934,58190,경계,출판(웹툰·웹소설 IP / 교육출판 혼재),7,2025.0,9203155061.0,66971694074.0,0.1374185794200013,통과
나이스평가정보 주식회사,00158325,63991,경계,기타 정보서비스,11,2025.0,78047504808.0,646531372501.0,0.1207172739446287,통과
미스터블루(주),01047840,63991,경계,기타 정보서비스,11,2025.0,7740999172.0,66711853974.0,0.11603633703564804,통과
(주)이글루코퍼레이션,00364847,639,경계,기타 정보서비스,11,2025.0,19142007651.0,182254835932.0,0.10502880515138681,통과
(주) 소프트센,00204226,639,경계,기타 정보서비스,11,2025.0,9561666976.0,93429974389.0,0.10234046448722718,통과
(주)스포츠서울,00298687,58121,경계,출판(웹툰·웹소설 IP / 교육출판 혼재),12,2024.0,434315169.0,4346275219.0,0.09992813319813837,통과
(주)헥토이노베이션,01013311,63991,경계,기타 정보서비스,11,2025.0,77077147308.0,799310040167.0,0.09642959982323787,통과
네이버(주),00266961,63120,경계,포털·콘텐츠 플랫폼,11,2025.0,3421016567851.0,41084496327318.0,0.08326782299084168,통과
(주)미트박스글로벌,01374717,639,경계,기타 정보서비스,2,2025.0,7215070673.0,98636486055.0,0.07314809115337761,통과
(주)비상교육,00520887,5811,경계,출판(웹툰·웹소설 IP / 교육출판 혼재),11,2025.0,28079596133.0,399442193970.0,0.07029702058743677,통과
(주)이크레더블,00634728,63991,경계,기타 정보서비스,11,2025.0,3172231244.0,52707617852.0,0.060185441370305244,통과
(주)핑거스토리,01584934,63991,경계,기타 정보서비스,4,2025.0,2783658832.0,50990299258.0,0.05459192969069042,통과
(주)골드앤에스,00249502,581,경계,출판(웹툰·웹소설 IP / 교육출판 혼재),11,2025.0,858648773.0,16544466943.0,0.051899452303798534,통과
텔코웨어(주),00361488,631,경계,포털·콘텐츠 플랫폼,11,2025.0,7344073040.0,142171314554.0,0.05165650372607724,통과
(주)케이아이엔엑스,00603348,63112,경계,포털·콘텐츠 플랫폼,11,2024.0,16285014674.0,336792558185.0,0.048353249732598455,미달
(주)케이티밀리의서재,01467451,581,경계,출판(웹툰·웹소설 IP / 교육출판 혼재),3,2025.0,4862760044.0,110102759082.0,0.04416565111123525,미달
(주)쿠콘,01311055,639,경계,기타 정보서비스,7,2025.0,7497189457.0,313529196521.0,0.023912252958227586,미달
(주)와이지플러스,00249247,631,경계,포털·콘텐츠 플랫폼,11,2025.0,6001461007.0,272554219719.0,0.022019328899722895,미달
유엔젤(주),00416654,631,경계,포털·콘텐츠 플랫폼,11,2025.0,1578794005.0,77650240722.0,0.020332119904847807,미달
서울평가정보(주),00260745,63991,경계,기타 정보서비스,11,2025.0,843165983.0,41758422860.0,0.020191518866189286,미달
(주)케이티씨에스,00372882,63991,경계,기타 정보서비스,11,2025.0,9379729742.0,471143023265.0,0.01990845513746313,미달
(주)젝시믹스,01391103,639,경계,기타 정보서비스,6,2025.0,2886807646.0,175385386691.0,0.016459795770134924,미달
더이앤엠(주),00519252,639,경계,기타 정보서비스,11,2025.0,1754475563.0,118073459255.0,0.014859186595108622,미달
(주)이퓨쳐,00788737,58111,경계,출판(웹툰·웹소설 IP / 교육출판 혼재),11,2025.0,411223740.0,27983690378.0,0.014695121852952343,미달
(주)사람인,00857480,63120,경계,포털·콘텐츠 플랫폼,11,2025.0,4530244407.0,326698027589.0,0.013866763874985005,미달
(주)디지틀조선일보,00231442,631,경계,포털·콘텐츠 플랫폼,11,2025.0,1473678043.0,107456359983.0,0.01371420028775534,미달
메가스터디(주),00422284,581,경계,출판(웹툰·웹소설 IP / 교육출판 혼재),11,2025.0,7178386121.0,547173192730.0,0.013119038389262138,미달
(주)케이티아이에스,00372873,63991,경계,기타 정보서비스,11,2025.0,5803745060.0,449824425159.0,0.012902245265913569,미달
(주)아이지넷,01728167,63991,경계,기타 정보서비스,2,2025.0,538913660.0,50283292740.0,0.010717549122858019,미달
한일네트웍스(주),00277736,63112,경계,포털·콘텐츠 플랫폼,10,2024.0,1318612877.0,134174784318.0,0.00982757590185374,미달
주식회사 리파인,01210066,63991,경계,기타 정보서비스,5,2025.0,2291072029.0,234854008473.0,0.009755303066344695,미달
(주)예림당,00259934,58113,경계,출판(웹툰·웹소설 IP / 교육출판 혼재),11,2025.0,2929830884.0,300699923430.0,0.009743370901396441,미달
카페24(주),00260879,63112,경계,포털·콘텐츠 플랫폼,11,2025.0,3385660236.0,415599634562.0,0.008146446614584114,미달
(주)이스트에이드,01128622,631,경계,포털·콘텐츠 플랫폼,10,2025.0,232573967.0,33484813523.0,0.006945655135282444,미달
인포뱅크(주),00243757,639,경계,기타 정보서비스,11,2025.0,552951684.0,96790824858.0,0.005712852275112078,미달
(주)다우기술,00176914,631,경계,포털·콘텐츠 플랫폼,11,2025.0,210183000754.0,82950227249756.0,0.002533844785272945,미달
(주)삼성출판사,00423690,5811,경계,출판(웹툰·웹소설 IP / 교육출판 혼재),11,2025.0,422991167.0,194780126153.0,0.002171634115627074,미달
(주)플리토,01237434,63120,경계,포털·콘텐츠 플랫폼,7,2025.0,33549982.0,24575168335.0,0.0013651984614167648,미달
(주)아시아경제,00665676,63120,경계,포털·콘텐츠 플랫폼,11,2025.0,315586410.0,332617164342.0,0.0009487977285366764,미달
(주)소리바다,00352718,631,경계,포털·콘텐츠 플랫폼,9,2023.0,1944922.0,14111325951.0,0.00013782701971122515,미달
(주)지유온,00689418,639,경계,기타 정보서비스,11,2025.0,736023.0,6629101946.0,0.00011102906637966493,미달
(주)시냅스엠,01115257,63120,경계,포털·콘텐츠 플랫폼,3,,,,,데이터없음
줌인터넷(주),01095397,63120,경계,포털·콘텐츠 플랫폼,4,,,,,데이터없음
(주)씨디네트웍스,00493501,631,경계,포털·콘텐츠 플랫폼,5,,,,,데이터없음
(주)애니플러스,01335578,591,핵심,영상·방송프로그램 제작/배급/상영,8,2025.0,141773730256.0,271345115964.0,0.5224849164958232,통과
(주)티엔엔터테인먼트,00814786,591,핵심,영상·방송프로그램 제작/배급/상영,11,2025.0,45948867467.0,89123037948.0,0.5155666651961468,통과
(주)블리츠웨이엔터테인먼트,01508855,901,핵심,창작·예술 서비스,6,2025.0,17715101421.0,40629357955.0,0.43601726221272746,통과
(주)코퍼스코리아,01364297,591,핵심,영상·방송프로그램 제작/배급/상영,7,2025.0,25586940682.0,66932726997.0,0.38227847317720726,통과
(주)하이브,01204056,592,핵심,오디오물·음반,6,2025.0,1986685747000.0,5485474443000.0,0.36217209060835287,통과
(주)케이티지니뮤직,00223762,603,핵심,기타 방송·음원서비스,11,2024.0,109086312833.0,352431238562.0,0.309525095670001,통과
(주)에스엠엔터테인먼트,00260930,59201,핵심,오디오물·음반,14,2025.0,601394560770.0,2007711293863.0,0.2995423508391328,통과
(주)씨제이이엔엠,00265324,602,핵심,텔레비전 방송,11,2025.0,2321385044592.0,8666766089199.0,0.2678490478109289,통과
스튜디오드래곤(주),01168684,59114,핵심,영상·방송프로그램 제작/배급/상영,9,2025.0,228995860812.0,1034472891355.0,0.2213647769078325,통과
주식회사 알비더블유,01303029,59201,핵심,오디오물·음반,5,2025.0,39044620671.0,181624822255.0,0.21497403375944737,통과
(주)콘텐트리중앙,00203315,591,핵심,영상·방송프로그램 제작/배급/상영,11,2025.0,533822076306.0,2490910514038.0,0.2143080103831688,통과
씨제이이앤엠(주),00838421,602,핵심,텔레비전 방송,3,2017.0,783393360340.0,3758919984666.0,0.2084091610185229,통과
(주)아티스트컴퍼니,01116502,901,핵심,창작·예술 서비스,6,2025.0,13937942949.0,71642914566.0,0.19454740267664392,통과
(주)팬엔터테인먼트,00397191,59114,핵심,영상·방송프로그램 제작/배급/상영,11,2025.0,22825519805.0,118184701576.0,0.1931343016534318,통과
(주)초록뱀미디어,00299464,59114,핵심,영상·방송프로그램 제작/배급/상영,11,2024.0,68808454312.0,359910100530.0,0.19118233750782032,통과
주식회사 포바이포,01513699,59113,핵심,영상·방송프로그램 제작/배급/상영,4,2025.0,14280514395.0,75780348550.0,0.18844614294136813,통과
(주)케이티스카이라이프,00349097,60229,핵심,텔레비전 방송,11,2025.0,174019148474.0,976329059340.0,0.17823821467696271,통과
한주에이알티(주),00146427,591,핵심,영상·방송프로그램 제작/배급/상영,11,2025.0,4434905880.0,25319382564.0,0.1751585319582677,통과
(주)판타지오,00231691,901,핵심,창작·예술 서비스,11,2025.0,13083812946.0,88497570509.0,0.14784375289341312,통과
씨제이씨지브이(주),00303873,59141,핵심,영상·방송프로그램 제작/배급/상영,11,2025.0,534894515126.0,4122622000546.0,0.12974619430429435,통과
(주)위지윅스튜디오,01276327,59120,핵심,영상·방송프로그램 제작/배급/상영,8,2025.0,27176089663.0,242562329443.0,0.11203755226710148,통과
(주)에스에이엠지엔터테인먼트,01082418,59112,핵심,영상·방송프로그램 제작/배급/상영,4,2025.0,14322393460.0,135675924046.0,0.10556326452690376,통과
(주)엠83,01704680,59111,핵심,영상·방송프로그램 제작/배급/상영,2,2025.0,9806631151.0,93563357851.0,0.10481273199511605,통과
(주)로아앤코홀딩스,01046203,901,핵심,창작·예술 서비스,11,2025.0,6563833423.0,79649870540.0,0.08240858872085242,통과
(주)제이와이피엔터테인먼트,00258689,59201,핵심,오디오물·음반,11,2025.0,66897868484.0,851090190178.0,0.07860256087549164,통과
(주)덱스터스튜디오,01021949,59120,핵심,영상·방송프로그램 제작/배급/상영,11,2025.0,6974834259.0,110955446744.0,0.0628615760981303,통과
(주)와이티엔,00200275,591,핵심,영상·방송프로그램 제작/배급/상영,11,2025.0,19732270821.0,349994207376.0,0.056378849721365684,통과
(주)케이엑스이노베이션,00657987,60221,핵심,텔레비전 방송,11,2025.0,51332571239.0,935923720688.0,0.05484696039252568,통과
(주)아이에이치큐,00154426,591,핵심,영상·방송프로그램 제작/배급/상영,11,2025.0,7653455166.0,144522895864.0,0.052956696724386916,통과
(주)아이엠비씨,00370006,603,핵심,기타 방송·음원서비스,11,2025.0,3070600998.0,67045841217.0,0.04579853041237441,미달
(주)아이오케이이엔엠,00543204,591,핵심,영상·방송프로그램 제작/배급/상영,11,2025.0,3784059213.0,84822678465.0,0.04461140913584095,미달
(주)와이지엔터테인먼트,00613318,59201,핵심,오디오물·음반,11,2025.0,34692548888.0,838779404539.0,0.04136075432976005,미달
(주)엘지헬로비전,00222532,60222,핵심,텔레비전 방송,11,2025.0,47843828296.0,1265815637408.0,0.03779683777170695,미달
(주)큐브엔터테인먼트,00985686,59201,핵심,오디오물·음반,11,2025.0,9218800764.0,258263677790.0,0.03569530505755445,미달
(주)빌리언스,00173449,901,핵심,창작·예술 서비스,11,2025.0,1626098952.0,48703727865.0,0.03338756648171412,미달
SBS미디어홀딩스(주),00650629,602,핵심,텔레비전 방송,6,2020.0,22644635311.0,716297001896.0,0.03161347213664284,미달
(주)에프엔씨엔터테인먼트,00925295,901,핵심,창작·예술 서비스,11,2024.0,3716097369.0,118380430317.0,0.03139114597783609,미달
(주)바른손이앤에이,00259590,591,핵심,영상·방송프로그램 제작/배급/상영,11,2025.0,2566782257.0,102888264494.0,0.02494727916369591,미달
(주)쇼박스,00303794,59130,핵심,영상·방송프로그램 제작/배급/상영,11,2025.0,3244469432.0,132897072384.0,0.024413400339062807,미달
더핑크퐁컴퍼니(주),01138364,591,핵심,영상·방송프로그램 제작/배급/상영,5,2025.0,3915214474.0,203902425258.0,0.01920141199422241,미달
(주)노머스,01703849,90199,핵심,창작·예술 서비스,2,2025.0,2046205914.0,115399421477.0,0.017731509290172868,미달
(주)지에스홈쇼핑,00207755,602,핵심,텔레비전 방송,6,2020.0,27334218369.0,1577909027323.0,0.01732306355796306,미달
(주)SBS,00130772,60210,핵심,텔레비전 방송,11,2025.0,35116031251.0,2044005089985.0,0.017180011646281027,미달
(주)자이언트스텝,01264438,59113,핵심,영상·방송프로그램 제작/배급/상영,6,2025.0,1174085925.0,69971423176.0,0.016779506142769268,미달
주식회사 아센디오,00145437,591,핵심,영상·방송프로그램 제작/배급/상영,12,2025.0,179961105.0,10908493362.0,0.016497338269178295,미달
(주)넥스트엔터테인먼트월드,00974927,591,핵심,영상·방송프로그램 제작/배급/상영,11,2025.0,3876249393.0,239554621692.0,0.016181067038580323,미달
(주)드림어스컴퍼니,00364467,603,핵심,기타 방송·음원서비스,11,2025.0,3188293813.0,222693228320.0,0.01431697693303259,미달
주식회사 와이랩,01406265,591,핵심,영상·방송프로그램 제작/배급/상영,3,2025.0,480861770.0,40799773038.0,0.011785893258576121,미달
(주)삼화네트웍스,00301112,59120,핵심,영상·방송프로그램 제작/배급/상영,11,2025.0,796436900.0,68136791825.0,0.01168879365564406,미달
주식회사 스튜디오미르,01139965,59112,핵심,영상·방송프로그램 제작/배급/상영,4,2025.0,401745000.0,42655617991.0,0.009418337347375088,미달
(주)에이스토리,00975290,591,핵심,영상·방송프로그램 제작/배급/상영,7,2025.0,477735055.0,56077465573.0,0.00851919840025756,미달
(주)키이스트,00353762,59130,핵심,영상·방송프로그램 제작/배급/상영,11,2025.0,433867190.0,58354521218.0,0.007435022701654343,미달
(주)한국경제티브이,00263371,60221,핵심,텔레비전 방송,11,2025.0,1082719648.0,167245064889.0,0.006473851104178156,미달
(주)에피소드컴퍼니,01267222,59111,핵심,영상·방송프로그램 제작/배급/상영,7,2025.0,133282928.0,28151686504.0,0.0047344562458473734,미달
스튜디오에스(주),00280688,591,핵심,영상·방송프로그램 제작/배급/상영,9,2023.0,809291666.0,228438816018.0,0.003542706445896792,미달
(주)씨그널엔터테인먼트그룹,00232496,591,핵심,영상·방송프로그램 제작/배급/상영,4,2018.0,137384392.0,39296991158.0,0.0034960537168767835,미달
(주)아티스트스튜디오,00990819,591,핵심,영상·방송프로그램 제작/배급/상영,11,2025.0,138100323.0,51828672206.0,0.002664554524011377,미달
(주)닷밀,01605282,591,핵심,영상·방송프로그램 제작/배급/상영,2,2025.0,113330761.0,45981374075.0,0.002464710184935899,미달
(주)이매진아시아,00122339,591,핵심,영상·방송프로그램 제작/배급/상영,6,2020.0,7008335.0,5460536823.0,0.001283451650848798,미달
(주)씨씨에스충북방송,00249441,60222,핵심,텔레비전 방송,11,2025.0,26932000.0,28953199521.0,0.0009301908060442851,미달
(주)케이엔엔,00208134,60210,핵심,텔레비전 방송,11,2025.0,147639037.0,246314621852.0,0.0005993920941027611,미달
(주)세영디앤씨,00347877,901,핵심,창작·예술 서비스,11,2025.0,868860.0,2164144648.0,0.00040147963344453857,미달
(주)티비씨,00204642,60210,핵심,텔레비전 방송,11,2025.0,53950668.0,137292302327.0,0.00039296207497126385,미달
(주)캔버스엔,00550082,59114,핵심,영상·방송프로그램 제작/배급/상영,11,2025.0,4467933.0,35778267593.0,0.00012487840526057635,미달
(주)제이웨이,00359474,59130,핵심,영상·방송프로그램 제작/배급/상영,8,2022.0,22000.0,1104641719.0,1.9915959737530064e-05,미달
(주)레드우즈,00990396,59114,핵심,영상·방송프로그램 제작/배급/상영,10,2025.0,91427.0,27073748185.0,3.3769613049239493e-06,미달
(주)예당컴퍼니,00252393,59201,핵심,오디오물·음반,2,,,,,데이터없음
(주)현대에이치씨엔동작방송,00255071,60222,핵심,텔레비전 방송,1,,,,,데이터없음
주식회사 데이드림엔터테인먼트,01343735,591,핵심,영상·방송프로그램 제작/배급/상영,4,,,,,데이터없음
(주)레드로버,00364795,59112,핵심,영상·방송프로그램 제작/배급/상영,11,,,,,데이터없음
(주)더콘텐츠온,00991225,59130,핵심,영상·방송프로그램 제작/배급/상영,9,,,,,데이터없음
(주)타조이엔터테인먼트,01518506,901,핵심,창작·예술 서비스,3,,,,,데이터없음
